{
  "project_info": {
    "project_number": "77378874966",
    "project_id": "sales-b5f1d",
    "storage_bucket": "sales-b5f1d.appspot.com"
  },
  "client": [
    {
      "client_info": {
        "mobilesdk_app_id": "1:77378874966:android:96090e4c6d69e623cf95f7",
        "android_client_info": {
          "package_name": "com.example.seles"
        }
      },
      "oauth_client": [],
      "api_key": [
        {
          "current_key": "AIzaSyAzjCF7kOF6r0xMn8cOC4v0uieSPntQS7Q"
        }
      ],
      "services": {
        "appinvite_service": {
          "other_platform_oauth_client": []
        }
      }
    }
  ],
  "configuration_version": "1"
}